Title,Year,Review
A Nightmare on Elm Street,1984,Teenager Nancy Thompson discovers that a burned killer named Freddy Krueger can murder her and her friends inside their dreams.
A Nightmare on Elm Street,2010,"A group of teenagers uncover a buried childhood connection to Freddy Krueger, a vengeful killer who attacks them whenever they fall asleep."
A Nightmare on Elm Street 3: Dream Warriors,1987,Nancy helps institutionalized teenagers discover powers within their dreams and use them to fight Freddy Krueger.
A Nightmare on Elm Street 4: The Dream Master,1988,"After Freddy returns, a shy teenager discovers she can absorb her friends’ dream abilities and becomes his newest opponent."
A Nightmare on Elm Street 5: The Dream Child,1989,Freddy exploits the dreams of Alice’s unborn child to return and begin murdering her friends.
A Nightmare on Elm Street Part 2: Freddy's Revenge,1985,Freddy attempts to possess a teenage boy who has moved into Nancy Thompson’s former home.
Abraham Lincoln: Vampire Hunter,2012,A fantastical Abraham Lincoln secretly battles vampires while pursuing the political career that will eventually take him to the presidency.
Annabelle Comes Home,2019,"Annabelle awakens supernatural forces locked inside the Warrens’ artifact room, threatening their daughter and her babysitters."
Annabelle: Creation,2017,"Years after losing their daughter, a dollmaker and his wife shelter orphaned girls whose arrival awakens a demonic presence."
Backrooms,2026,"A mysterious doorway beneath a furniture showroom leads into an impossible realm of endless, unsettling rooms from which escape may be impossible."
Beetlejuice Beetlejuice,2024,"Lydia Deetz returns to Winter River with her daughter, where another encounter with the chaotic demon Beetlejuice throws both worlds into disorder."
Blair Witch,2016,A young man and his friends enter the Black Hills Forest hoping to discover what happened to his missing sister Heather.
Truth or Dare,2018,A harmless party game becomes supernatural when a group of friends discover they must tell the truth or complete increasingly deadly dares.
Book of Shadows: Blair Witch 2,2000,Tourists fascinated by the Blair Witch spend a night in the woods and awaken with missing memories and evidence of terrible events.
Capsized: Blood in the Water,2019,"After their yacht capsizes in the Atlantic, survivors drift for days while being stalked by tiger sharks."
Cast a Deadly Spell,1991,"In an alternate 1940s Los Angeles where magic is commonplace, private detective H. P. Lovecraft investigates the theft of a dangerous occult book."
Constantine,2005,Occult detective John Constantine investigates a woman’s mysterious death while uncovering a demonic plan that threatens the boundary between Earth and Hell.
Death of a Unicorn,2025,"A father and daughter accidentally kill a unicorn, only for his wealthy employer to discover—and exploit—the creature’s miraculous healing properties."
Destination Fear: Trail to Terror,2016,Dakota Laden takes friends on a road trip in which they sleep alone inside supposedly haunted locations to test the limits of fear.
Dos Monjes,1934,A violent confrontation between two monks unfolds through competing flashbacks that reveal a tragic romantic rivalry and differing versions of guilt.
Dust Bunny,2025,"After a creature kills her foster parents, a young girl hires her mysterious neighbor—an assassin—to destroy the monster she believes lives beneath her bed."
Eraserhead,1977,An isolated man in a nightmarish industrial landscape struggles with fatherhood after his girlfriend gives birth to a grotesquely abnormal infant.
Evil Dead,2013,Friends visiting an isolated cabin unwittingly summon a demonic force that possesses them one by one.
Evil Dead Burn,2026,"A grieving widow stays with her husband’s family, only for a demonic force to transform the gathering into a brutal Deadite nightmare."
Evil Dead II,1987,Ash battles demonic forces in a remote cabin after the Book of the Dead once again unleashes the evil surrounding him.
Evil Dead Rise,2023,Two estranged sisters are reunited in a Los Angeles apartment building just as an ancient book unleashes murderous demonic possession.
Final Destination 2,2003,"A woman prevents several people from dying in a highway catastrophe, only to discover that Death intends to reclaim the survivors."
Final Destination 3,2006,"After foreseeing a deadly roller-coaster accident, a teenager searches photographs for clues to the order in which Death will pursue the survivors."
Final Destination 5,2011,Survivors of a bridge collapse learn that escaping a foretold disaster only postpones Death’s elaborate attempts to restore its original plan.
Final Destination Bloodlines,2025,"A college student’s recurring nightmare leads her to discover that her grandmother once cheated Death, placing their entire family in danger."
Friday the 13th,2009,A young man searching for his missing sister encounters Jason Voorhees and his deadly hunting ground around Crystal Lake.
From Hell It Came,1957,A wrongly condemned islander returns from the dead as a monstrous walking tree and seeks revenge against those responsible for his death.
Godzilla Raids Again,1955,"Godzilla reappears in Japan and clashes with the giant armored monster Anguirus, devastating Osaka in the process."
Gremlins 2: The New Batch,1990,"Gizmo enters a high-tech Manhattan skyscraper, where another accident produces a wildly varied army of destructive gremlins."
Halloween H20: 20 Years Later,1998,"Laurie Strode, living under an assumed identity, must confront Michael Myers when he finds her twenty years after their first encounter."
Halloween: Resurrection,2002,College students participating in an online reality show spend the night inside Michael Myers’ childhood home and discover he has returned.
Halloween: The Curse of Michael Myers,1995,Tommy Doyle tries to protect a family from Michael Myers while uncovering an occult conspiracy surrounding the killer.
Happy Death Day,2017,A college student repeatedly relives the day of her murder and must identify her masked killer to escape the time loop.
House of Wax,2005,Stranded travelers discover an apparently deserted town whose remarkably lifelike wax figures conceal the fate of previous visitors.
Häxan: Witchcraft Through the Ages,1922,"A hybrid documentary and dramatic essay explores historical beliefs about witchcraft, demons, superstition, and the persecution of accused witches."
I Was a Teenage Zombie,1987,"Teenagers accidentally kill a drug dealer, dump him in toxic water, and must fight him after he returns as a murderous zombie."
Indestructible Man,1956,"An executed criminal is accidentally revived with extraordinary strength and resistance to injury, then hunts the men who betrayed him."
Insidious: The Last Key,2018,Paranormal investigator Elise Rainier returns to her childhood home to confront the supernatural evil connected to her traumatic past.
Insidious: The Red Door,2023,Josh Lambert and his now-college-aged son Dalton confront repressed memories and supernatural forces from the Further.
It Chapter Two,2019,"Twenty-seven years after defeating Pennywise as children, the Losers Club reunites in Derry when the creature begins killing again."
Kwaidan,1964,"Four stylized Japanese ghost stories explore supernatural encounters involving lost love, promises, spirits, and the consequences of entering the uncanny."
The Mummy,2026,A girl missing for eight years returns to her family after being found inside an ancient sarcophagus—but something has returned with her.
Little Shop of Horrors,1986,"A timid florist finds fame through a strange plant, then discovers that its spectacular growth depends on an ever-increasing supply of human blood."
MaXXXine,2024,"In 1985 Hollywood, aspiring actress Maxine Minx pursues mainstream stardom while a killer and secrets from her violent past close in on her."
Mea Maxima Culpa,2010,This short adaptation of Poe’s The Tell-Tale Heart follows an obsessive butler whose devotion to his master descends into madness and murder.
Meg 2: The Trench,2023,"A deep-sea expedition unleashes enormous prehistoric predators, forcing the survivors to battle multiple megalodons and other creatures."
Multiple Maniacs,1970,"A traveling sideshow run by criminals becomes the setting for murder, sexual transgression, religious imagery, and increasingly surreal acts of violence."
Onibaba,1964,"Two women survive wartime Japan by murdering passing samurai until jealousy, desire, and a frightening demon mask disrupt their partnership."
Open Water,2003,A vacationing couple is accidentally abandoned in open ocean after a scuba excursion and realizes sharks are circling them.
Pearl,2022,"A young farm woman dreams of escaping into show business while resentment, repression, and violent impulses begin consuming her."
Salem's Lot,2024,A writer returns to his hometown and discovers that an ancient vampire is gradually turning the community into the undead.
Shin Godzilla,2016,Japanese officials struggle to respond as a mysterious creature repeatedly evolves into increasingly destructive forms while advancing through Tokyo.
The Black Scorpion,1957,Giant prehistoric scorpions emerge after volcanic activity in Mexico and eventually threaten populated areas.
The Blair Witch Project,1999,"Three student filmmakers disappear while documenting a Maryland legend, leaving behind footage of their increasingly terrifying ordeal in the woods."
The Brood,1979,A man investigates an experimental psychologist treating his estranged wife as mysterious childlike creatures begin murdering people connected to the family.
The Cabin in the Woods,2011,College friends visit a remote cabin and discover that their seemingly familiar horror-movie ordeal is being deliberately engineered by unseen observers.
The Conjuring,2013,Paranormal investigators Ed and Lorraine Warren help a family whose secluded farmhouse is afflicted by an increasingly violent supernatural presence.
The Conjuring 2,2016,The Warrens travel to England to investigate a working-class family whose daughter appears to be targeted by a malicious supernatural entity.
The Conjuring: Last Rites,2025,Ed and Lorraine Warren come out of retirement for one final investigation involving the tormented Smurl family and a supernatural threat tied to their past.
The Conjuring: The Devil Made Me Do It,2021,The Warrens investigate a murder case in which the accused man claims demonic possession drove him to kill.
The Craft,1996,A newcomer at a Catholic high school joins three teenage witches whose increasingly powerful magic turns their friendships dangerous.
The Curse of La Llorona,2019,A social worker and her children become targets of the legendary weeping spirit La Llorona and seek supernatural help to survive.
The Curse of Lizzie Borden,2006,A college student working at a Lizzie Borden museum becomes obsessed with Borden as people around her begin dying by the axe.
The Curse of Robert the Doll,2016,A museum cleaner suspects that a supposedly possessed antique doll is responsible when members of the night staff begin dying.
The Disembodied,1957,"Visitors to a remote jungle settlement become entangled with a doctor’s wife, who secretly practices deadly voodoo rituals."
The Exorcist,1973,A mother turns to two priests after her young daughter develops terrifying behavior that appears to be caused by demonic possession.
The Final Destination,2009,"A young man foresees a catastrophic racetrack accident and saves several spectators, only for Death to pursue the survivors afterward."
The Frozen Dead,1966,A Nazi scientist attempts to revive frozen German soldiers and preserve living human heads as part of a scheme to restore the Third Reich.
The Hole in the Ground,2019,A mother begins to fear that the strangely altered boy who returned from the woods may not actually be her son.
The Killing of a Sacred Deer,2017,A surgeon’s family is subjected to an inexplicable curse after he befriends a strange teenager connected to a former patient.
The Leopard Man,1943,"An escaped leopard appears responsible for a series of killings, but growing evidence suggests that something—or someone—else may be responsible."
The Meg,2018,A rescue diver confronts a gigantic prehistoric megalodon that has escaped from the deep ocean and begun attacking humans.
The Mystery of the Wax Museum,1933,A reporter investigating disappearances suspects that the eerily realistic figures in a mysterious wax museum conceal a gruesome secret.
The Nun II,2023,Sister Irene again confronts the demonic nun Valak after a series of violent supernatural events spreads across Europe.
The Parenting,2025,"A young couple brings their parents together at a country rental, only to discover the house contains a centuries-old supernatural presence."
The Return of Doctor X,1939,A reporter and doctor investigate blood-drained murder victims and uncover a scientist’s experiment that has brought a dead criminal back to life.
The Return of Godzilla,1984,Godzilla reappears after decades and advances on Tokyo while Japan faces both the monster and an escalating international crisis.
The Strangers: Chapter 1,2024,A young couple stranded in an isolated rental house becomes the target of three masked strangers who terrorize them without apparent motive.
The Strangers: Chapter 2,2025,"Having survived the first attack, Maya discovers that the three masked killers know she is alive and have returned to finish the job."
The Strangers: Prey at Night,2018,A family staying at a deserted mobile-home park is hunted through the night by three masked killers.
The War of the Gargantuas,1966,"A savage man-eating giant terrorizes Japan until his gentler counterpart intervenes, leading the two enormous creatures into battle."
They Will Kill You,2026,A woman entering a sinister New York high-rise must survive a violent night inside the headquarters of a demonic cult.
Thirteen Women,1932,"A woman uses astrology, manipulation, and hypnotic influence to take revenge on former schoolmates who once ostracized her."
Trick 'r Treat,2007,"Interlocking Halloween stories follow killers, monsters, ghosts, and unsuspecting residents who violate the holiday’s unwritten traditions."
Twin Peaks: Fire Walk with Me,1992,"The final days of Laura Palmer reveal the abuse, supernatural terror, and divided identity hidden beneath everyday life in Twin Peaks."
Vampires in America,2022,Two vampire hunters investigate a wave of disappearances in Arizona and uncover a larger scheme involving supposedly dormant bloodsuckers.
Zombieland,2009,"Four mismatched survivors cross a zombie-ravaged America, gradually becoming an unlikely family while searching for safety and, in one case, a Twinkie."
Zombieland: Double Tap,2019,"The original survivors leave the White House and encounter new communities, evolved zombies, and strains within their makeshift family."
